language,A1,A2,A3,A4,A5,A6,A7,A8,A9,A10,A11,A12,A13,A14,A15,A16,A17
Afrikaans,0.0,0.0,0.0,0.0,0.0,0.0,0.0,0.0,0.0,0.0,0.0,0.0,0.0,0.0,1.0,0.0,0.0
Assamese,0.0,0.0,0.0,0.0,0.0,0.0,0.0,0.0,0.9560729466793441,0.0,0.0,0.0,0.0,0.043927053320656044,0.0,0.0,0.0
Asturian,0.0,0.0,0.12194797114172459,0.0,0.0,0.0,0.0,0.7842104834255144,0.0,0.0,0.009027184679691155,0.08481436075306988,0.0,0.0,0.0,0.0,0.0
Belarusian,0.0,0.0,0.0,0.0,0.0,0.0,1.0,0.0,0.0,0.0,0.0,0.0,0.0,0.0,0.0,0.0,0.0
Bulgarian,0.0,0.012662415176307595,0.0,0.0,0.0,0.9278899254216664,0.04323662748441003,0.0,0.0,0.0,0.0,0.0,0.0,0.0,0.016211031917616026,0.0,0.0
Bengali,0.0,0.0,0.0,0.0,0.0,0.0,0.0,0.0,0.9608897282732894,0.0,0.039110271726710576,0.0,0.0,0.0,0.0,0.0,0.0
Bosnian,0.0,0.0,0.0,0.9673571740107519,0.0,0.0,0.0,0.0,0.0,0.03264282598924802,0.0,0.0,0.0,0.0,0.0,0.0,0.0
Catalan,0.0,0.0,1.0,0.0,0.0,0.0,0.0,0.0,0.0,0.0,0.0,0.0,0.0,0.0,0.0,0.0,0.0
Sorani-Kurdish,0.0,0.7771232142748201,0.0,0.0,0.0,0.0,0.0,0.0,0.0,0.04702033012712914,0.0,0.1323941595237533,0.0,0.0,0.0,0.0,0.04346229607429739
Czech,0.8026416936457333,0.0,0.11965605252443175,0.0,0.0,0.0,0.0,0.0,0.05475864725072665,0.022943606579108274,0.0,0.0,0.0,0.0,0.0,0.0,0.0
Welsh,0.0,0.0,0.0,0.0,0.0,0.0,0.0,0.0,0.0,0.0,0.0,0.0,0.0,0.0,0.0,0.0,1.0
Danish,0.0,0.0,0.0,0.0,0.0,0.0,0.0,0.0,0.0,0.0,0.0,0.0,0.0,0.0,0.0,1.0,0.0
German,0.15480073949310968,0.0,0.0,0.0,0.0,0.0,0.0,0.0,0.0,0.0,0.0,0.0,0.005842137356300003,0.0,0.16102903068538,0.6783280924652104,0.0
Greek,0.0,0.0,0.0,0.0,0.0,0.0,0.0,0.0,0.0,0.0,0.0,0.0,0.0,1.0,0.0,0.0,0.0
English,0.0,0.02098928780106577,0.0,0.19529320378891094,0.0,0.01802207516647452,0.0,0.0,0.0,0.01635871683563805,0.0,0.0,0.16896030984154028,0.0,0.13689123116326862,0.16713241094948128,0.27635276445362045
Spanish,0.0,0.0,0.0,0.0,0.0,0.0,0.0,0.6884849507074896,0.0,0.0,0.0,0.21706246081010308,0.0,0.0,0.0,0.09445258848240713,0.0
Persian,0.0,0.8263918153888654,0.0,0.0,0.0,0.0,0.0,0.0,0.04311477717094249,0.0,0.13049340744019208,0.0,0.0,0.0,0.0,0.0,0.0
French,0.013182565453808033,0.08611523516204725,0.04197286434612224,0.0,0.0,0.0,0.0762832229092715,0.0,0.0,0.0,0.028048779752568077,0.5075492576324409,0.0,0.0,0.24032230267661256,0.006525772067129486,0.0
Irish,0.07650637690566245,0.1255612219845652,0.0,0.0,0.0,0.008246828059219136,0.0,0.0,0.0,0.0,0.0,0.0,0.0639235001977727,0.0,0.0,0.2486301851150634,0.4771318877377171
Galician,0.0,0.0,0.0,0.0,0.0,0.0,0.0,0.9942968329105486,0.0,0.0,0.0,0.0,0.005703167089451385,0.0,0.0,0.0,0.0
Gujarati,0.0,0.0,0.0,0.046318490490255194,0.6880400981748291,0.0,0.0,0.07605294273652313,0.13579383470808917,0.053794633890303346,0.0,0.0,0.0,0.0,0.0,0.0,0.0
Hindi,0.0,0.0,0.0,0.0,0.8369872686200557,0.0,0.0,0.0,0.06212496421455308,0.0,0.0,0.0,0.0,0.0,0.0,0.10088776716539133,0.0
Croatian,0.010374251357985333,0.0,0.0,0.9635086817402688,0.0,0.0013050618239580512,0.0,0.0,0.0,0.0,0.024812005077787858,0.0,0.0,0.0,0.0,0.0,0.0
Armenian,0.0,0.0,0.0,0.0,0.0,0.0,0.0,0.0,0.0,0.0,1.0,0.0,0.0,0.0,0.0,0.0,0.0
Icelandic,0.05465020661751177,0.0,0.0,0.0,0.012698989732563615,0.10031797067816386,0.0,0.15554270433959194,0.0,0.05713181811566446,0.015852507509809783,0.0,0.0,0.0,0.18886308731279816,0.3867031177569644,0.02823959793693194
Italian,0.0,0.0,0.0,0.0,0.0,0.0,0.0,0.0,0.0,0.0,0.0,1.0,0.0,0.0,0.0,0.0,0.0
Kabuverdianu,0.0,0.0,0.0,0.0,0.0,0.0,0.0,0.0,0.0,0.0,0.0,0.599861202606474,0.4001387973935259,0.0,0.0,0.0,0.0
Luxembourgish,0.03482063931783339,0.0,0.0,0.0,0.0,0.036200547843985166,0.0,0.0,0.0,0.0,0.018175016226879864,0.0,0.005645472223366537,0.0,0.674772827659534,0.230385496728401,0.0
Lithuanian,0.0,0.0,0.0,0.0,0.0,0.23580515047768671,0.14520930644382793,0.0,0.0,0.4400769912635933,0.0,0.0,0.028348135188210173,0.15056041662668201,0.0,0.0,0.0
Latvian,0.0,0.0,0.0,0.0,0.0,0.0,0.0,0.0,0.0,1.0,0.0,0.0,0.0,0.0,0.0,0.0,0.0
Macedonian,0.0,0.0,0.0,0.0,0.0,1.0,0.0,0.0,0.0,0.0,0.0,0.0,0.0,0.0,0.0,0.0,0.0
Marathi,0.0,0.0,0.0,0.0,0.713373716284937,0.0,0.13690640224378406,0.0,0.14971988147127896,0.0,0.0,0.0,0.0,0.0,0.0,0.0,0.0
Norwegian,0.0,0.0,0.0,0.050275997110607866,0.0,0.0,0.0680906047276066,0.0,0.11440963477361574,0.0,0.08935567624891022,0.0,0.0,0.0,0.0,0.6778680871392596,0.0
Nepali,0.0,0.0,0.0,0.0,0.0,0.0,0.0,0.0,0.6487274199377537,0.201667412952502,0.0,0.0,0.050563311580584636,0.0,0.06977331969996414,0.0,0.02926853582919531
Dutch,0.00505423256282217,0.02235311934773034,0.0,0.0,0.0,0.0,0.0,0.0,0.0,0.0,0.0,0.03063126565660353,0.0,0.08853414280252254,0.49345425648662516,0.3254725123065462,0.03450047083715024
Occitan,0.0,0.0453878504747856,0.04140269470919091,0.0,0.0,0.0,0.0,0.009213452141011075,0.0,0.0,0.011600944326081409,0.8836258483442435,0.0,0.006102998282891405,0.0026662117217960586,0.0,0.0
Oriya,0.0,0.0,0.0,0.0,0.22664122755001292,0.0,0.0,0.0,0.7733587724499871,0.0,0.0,0.0,0.0,0.0,0.0,0.0,0.0
Punjabi,0.0,0.0,0.00765415257545455,0.0,0.9265640324088549,0.0,0.0,0.0,0.0,0.06578181501569055,0.0,0.0,0.0,0.0,0.0,0.0,0.0
Polish,0.9373615090367696,0.0,0.0,0.0,0.0,0.0,0.06263849096323043,0.0,0.0,0.0,0.0,0.0,0.0,0.0,0.0,0.0,0.0
Pashto,0.0,0.7585255669954808,0.0,0.0,0.1686659581800438,0.0,0.0,0.0,0.0,0.0,0.0,0.07280847482447546,0.0,0.0,0.0,0.0,0.0
Portuguese,0.0,0.0,0.0,0.0,0.0,0.0,0.0,0.0,0.0,0.0,0.0,0.0,1.0,0.0,0.0,0.0,0.0
Romanian,0.03444525027532905,0.0,0.0,0.0,0.0,0.0,0.08118073690432505,0.0,0.0,0.0,0.24272258136453806,0.46934822613714666,0.08727377542333273,0.0,0.08502942989532848,0.0,0.0
Russian,0.0,0.003884767384470686,0.0,0.0,0.0,0.042281989082604374,0.8649955504580702,0.0,0.0,0.0,0.0,0.036793530011590116,0.0,0.0,0.05204416306326452,0.0,0.0
Sindhi,0.0,0.0,0.0,0.0021451638991410804,0.9770050450358203,0.0,0.0173075089795349,0.0,0.0,0.0,0.0,0.0035422820855036618,0.0,0.0,0.0,0.0,0.0
Slovak,0.942784499621587,0.0,0.0,0.0,0.0,0.02410029538503667,0.0,0.0,0.0,0.03311520499337627,0.0,0.0,0.0,0.0,0.0,0.0,0.0
Slovenian,0.19475086570522568,0.0,0.0,0.1570939607047141,0.0,0.4010147388568065,0.0,0.0,0.0,0.0,0.0,0.08131412652002223,0.0,0.0,0.1658263082132316,0.0,0.0
Serbian,0.0,0.0,0.0,0.9011170802709065,0.0,0.051992546319440926,0.014716626571746471,0.0,0.0,0.0,0.0,0.0,0.0012889188234877472,0.030884828014418376,0.0,0.0,0.0
Swedish,0.0,0.11029785328641646,0.0,0.0,0.0,0.0,0.0,0.0,0.01468611160280432,0.06346312086926292,0.0,0.0,0.0,0.0,0.03473890990041921,0.776814004341097,0.0
Tajik,0.0,0.8869115333244487,0.0,0.0,0.0,0.0,0.0,0.0,0.030395327395468377,0.0,0.08269313928008293,0.0,0.0,0.0,0.0,0.0,0.0
Ukrainian,0.08121382004518662,0.0,0.0,0.0,0.0,0.028567386359273216,0.7953732517016652,0.0,0.0,0.0,0.007403196923887085,0.0,0.0,0.034437586952110764,0.0,0.053004758017877,0.0
Urdu,0.0,0.1522916303617238,0.0,0.0,0.6875360671737162,0.0,0.0,0.0,0.0,0.0,0.0,0.0,0.0,0.0,0.0,0.16017230246456007,0.0
