code,name,hours_fleurs,hours_xlsr,hours_xlsr_pretrain,hours_vl107,hours_cv,hours_mls,hours_babel,hours_voxpopuli
ab,Abkhazian,,0.5,10.05,10.0,0.05,,,
af,Afrikaans,4.103383333333333,87.0,108.0,108.0,,,,
am,Amharic,10.616466666666666,65.0,81.0,81.0,,,,
ar,Arabic,8.19305640625,95.0,108.31,59.0,49.31,,,
as,Assamese,15.144733333333333,179.0,360.74,155.0,0.74,,205.0,
ast,Asturian,10.16255,,,,,,,
az,North Azerbaijani,12.914416666666666,47.0,58.0,58.0,,,,
ba,Bashkir,,47.0,58.0,58.0,,,,
be,Belarusian,14.78895,106.0,133.0,133.0,,,,
bg,Bulgarian,12.332833333333333,17616.0,17650.0,50.0,,,,17600.0
bn,Bengali,15.374666666666666,100.0,270.0,55.0,,,215.0,
bo,Tibetan,,81.0,101.0,101.0,,,,
br,Breton,,42.0,51.2,44.0,7.2,,,
bs,Bosnian,12.56455,83.0,105.0,105.0,,,,
ca,Catalan,11.790444444444445,691.0,711.47,88.0,623.47,,,
ceb,Cebuano,14.728716666666667,42.0,197.0,6.0,,,191.0,
ckb,Sorani Kurdish,12.979,,,,,,,
cmn,Mandarin Chinese,14.016077777777777,194.0,205.38,44.0,161.38,,,
cnh,Hakha Chin,,2.0,2.4,,2.4,,,
cs,Czech,11.774383333333333,18514.0,18803.0,67.0,36.0,,,18700.0
cv,Chuvash,,4.0,4.85,,4.85,,,
cy,Welsh,13.1718,156.0,171.95999999999998,76.0,95.96,,,
da,Danish,10.7761,13588.0,13628.0,28.0,,,,13600.0
de,German,13.149,25378.0,25982.71,39.0,777.2,1966.51,,23200.0
dv,Divehi,,18.0,18.17,,18.17,,,
el,Greek,12.6555,17761.0,17772.9,66.0,6.9,,,17700.0
en,English,8.215327777777778,69493.0,70495.62,49.0,1686.88,44659.74,,24100.0
eo,Esperanto,,97.0,100.77,10.0,90.77,,,
es,Spanish,11.2172,22258.0,22681.33,39.0,324.65,917.68,,21400.0
et,Estonian,11.16185,10652.0,10657.79,38.0,19.79,,,10600.0
eu,Basque,,113.0,118.95,29.0,89.95,,,
fa,Persian,16.671928628472223,321.0,338.63,56.0,282.63,,,
ff,Fulah,14.740583333333333,,,,,,,
fi,Finnish,13.162178055555556,13981.0,14234.65,33.0,1.65,,,14200.0
fo,Faroese,,54.0,67.0,67.0,,,,
fr,French,10.911483333333333,23973.0,24567.5,67.0,623.92,1076.58,,22800.0
fy,Western Frisian,,15.0,14.88,,14.88,,,
ga,Irish,13.987566666666666,3.0,3.23,,3.23,,,
gl,Galician,10.306705555555556,57.0,72.0,72.0,,,,
gn,Guarani,,2.0,2.0,2.0,,,,
gu,Gujarati,13.0345,37.0,46.0,46.0,,,,
gv,Manx,,3.0,4.0,4.0,,,,
ha,Hausa,16.673916666666667,75.0,93.0,93.0,,,,
haw,Hawaiian,,10.0,12.0,12.0,,,,
he,Hebrew,12.07095,77.0,96.0,96.0,,,,
hi,Hindi,8.650483333333334,65.0,81.54,81.0,0.54,,,
hr,Croatian,8.312383333333333,2520.0,8218.0,118.0,,,,8100.0
hsb,Sorbian Upper,,2.0,2.31,,2.31,,,
ht,Haitian,,138.0,299.0,96.0,,,203.0,
hu,Hungarian,13.614233333333333,17421.0,17781.09,73.0,8.09,,,17700.0
hy,Armenian,12.46705,55.0,69.0,69.0,,,,
ia,Interlingua,,9.0,9.65,3.0,6.65,,,
id,Indonesian,12.492916666666666,41.0,49.35,40.0,9.35,,,
ig,Igbo,16.77915,,,,,,,
is,Icelandic,3.1207,73.0,92.0,92.0,,,,
it,Italian,13.88905,21943.0,22356.73,51.0,158.35,247.38,,21900.0
ja,Japanese,10.596016666666667,49.0,59.77,56.0,3.77,,,
jv,Javanese,14.9231,42.0,53.0,53.0,,,,
ka,Georgian,7.978866666666667,127.0,291.6,98.0,3.6,,190.0,
kab,Kabyle,,520.0,525.45,,525.45,,,
kam,Kamba,16.599916666666665,,,,,,,
kea,Kabuverdianu,13.297755555555556,,,,,,,
kk,Kazakh,16.588083333333334,98.0,281.0,78.0,,,203.0,
km,Khmer,9.844066666666667,33.0,41.0,41.0,,,,
kmr,Kurmanji,,38.0,203.0,,,,203.0,
kn,Kannada,12.5594,36.0,46.0,46.0,,,,
ko,Korean,10.00455,61.0,77.0,77.0,,,,
ky,Kyrgyz,12.95685,11.0,11.94,,11.94,,,
la,Latin,,53.0,67.0,67.0,,,,
lb,Luxembourgish,9.826833333333333,60.0,75.0,75.0,,,,
lg,Luganda,15.053766666666666,3.0,3.24,,3.24,,,
ln,Lingala,16.817716666666666,72.0,90.0,90.0,,,,
lo,Lao,9.067566666666666,93.0,249.0,42.0,,,207.0,
lt,Lithuanian,9.5768,14423.0,14484.38,82.0,2.38,,,14400.0
luo,Luo,10.150866666666667,,,,,,,
lv,Latvian,10.381716666666666,13126.0,13148.07,42.0,6.07,,,13100.0
mg,Malagasy,,87.0,109.0,109.0,,,,
mi,Maori,21.313188888888888,27.0,34.0,34.0,,,,
mk,Macedonian,10.482916666666666,89.0,112.0,112.0,,,,
ml,Malayalam,15.1693,38.0,47.0,47.0,,,,
mn,Mongolian,12.707933333333333,68.0,82.38,71.0,11.38,,,
mr,Marathi,17.08415,68.0,85.0,85.0,,,,
ms,Malay,12.636716666666667,66.0,83.0,83.0,,,,
mt,Maltese,10.3671,9120.0,9173.56,66.0,7.56,,,9100.0
my,Myanmar (Burmese),15.866294444444444,33.0,41.0,41.0,,,,
ne,Nepali,14.324033333333333,58.0,72.0,72.0,,,,
nl,Dutch,9.062666666666667,20070.0,20653.71,40.0,59.47,1554.24,,19000.0
no,Norwegian,9.464083333333333,130.0,164.0,164.0,,,,
nso,Sepedi,12.95815,,,,,,,
ny,Chichewa,14.41465,,,,,,,
oc,Occitan,19.104483333333334,12.0,15.0,15.0,,,,
om,Oromo,6.679366666666667,,,,,,,
or,Odia,7.233366666666667,1.0,0.87,,0.87,,,
pa,Punjabi,8.331816666666667,43.0,54.5,54.0,0.5,,,
pl,Polish,12.028983333333333,20912.0,21492.35,80.0,108.7,103.65,,21200.0
ps,Pashto,9.698816666666668,109.0,291.0,47.0,,,244.0,
pt,Portuguese,14.412366666666667,17797.0,17775.66,64.0,50.7,160.96,,17500.0
rm,Romansh Sursilvan,,8.0,7.87,,7.87,,,
ro,Romanian,13.683933333333334,17515.0,17971.73,65.0,6.73,,,17900.0
ru,Russian,11.127516666666667,166.0,184.05,73.0,111.05,,,
rw,Kinyarwanda,,1199.0,1183.62,,1183.62,,,
sa,Sanskrit,,12.0,15.0,15.0,,,,
sah,Sakha,,4.0,4.33,,4.33,,,
sco,Scots,,2.0,3.0,3.0,,,,
sd,Sindhi,15.475633333333333,67.0,84.0,84.0,,,,
si,Sinhala,,54.0,67.0,67.0,,,,
sk,Slovak,9.40045,11925.0,12140.0,40.0,,,,12100.0
sl,Slovenian,9.38385,11210.0,11426.09,121.0,5.09,,,11300.0
sn,Shona,11.6668,24.0,30.0,30.0,,,,
so,Somali,14.5813,82.0,103.0,103.0,,,,
sq,Albanian,,56.0,71.0,71.0,,,,
sr,Serbian,13.345122222222223,40.0,50.0,50.0,,,,
su,Sundanese,,51.0,64.0,64.0,,,,
sv,Swedish,11.53346111111111,16325.0,16346.06,34.0,12.06,,,16300.0
sw,Swahili,13.480966666666667,91.0,414.0,64.0,,,350.0,
ta,Tamil,11.771461111111112,118.0,415.98,51.0,14.98,,350.0,
te,Telugu,10.1567,62.0,77.0,77.0,,,,
tg,Tajik,6.3998333333333335,51.0,64.0,64.0,,,,
th,Thai,12.9919,57.0,69.53999999999999,61.0,8.54,,,
tk,Turkmen,,68.0,85.0,85.0,,,,
tl,Tagalog,13.765466666666667,150.0,306.0,93.0,,,213.0,
tpi,Tok,,36.0,200.0,,,,200.0,
tr,Turkish,11.954966666666667,136.0,292.27,59.0,20.27,,213.0,
tt,Tatar,,107.0,129.63,103.0,26.63,,,
uk,Ukrainian,11.488283333333333,72.0,82.88,52.0,30.88,,,
umb,Umbundu,8.375883333333332,,,,,,,
ur,Urdu,8.17225,34.0,42.0,42.0,,,,
uz,Uzbek,14.0332,36.0,45.0,45.0,,,,
vi,Vietnamese,13.121433333333334,131.0,265.74,64.0,0.74,,201.0,
vot,Votic,,0.5,0.0,,0.0,,,
war,Waray,,9.0,11.0,11.0,,,,
wo,Wolof,8.2626,,,,,,,
xh,Xhosa,10.094016666666667,,,,,,,
yi,Yiddish,,37.0,46.0,46.0,,,,
yo,Yoruba,14.82585,75.0,94.0,94.0,,,,
yue,Yue Chinese,9.3321,130.0,215.0,,,,215.0,
zu,Zulu,16.617583333333332,56.0,211.0,,,,211.0,
